{"collision_count": 10, "time_to_goal": 21.0076741933, "difference_in_speed_with_near_humans": {"stdev": 0.7986153181593814, "mean": 0.24015665420176058}, "time_in_states": {}, "speed_stats": {"mean": 1.402833615828522}, "min_distance_to_human": 0.3494296345278035}