{"collision_count": 3, "time_to_goal": 12.0582960129, "difference_in_speed_with_near_humans": {"stdev": 0.39735348997975706, "mean": 0.412846542706936}, "time_in_states": {}, "speed_stats": {"mean": 1.9395140809975122}, "min_distance_to_human": 0.3770608789852779}