{"collision_count": 1, "time_to_goal": 14.0691291094, "difference_in_speed_with_near_humans": {"stdev": 0.6222765758306221, "mean": 0.3673937275007782}, "time_in_states": {}, "speed_stats": {"mean": 1.6443812176332635}, "min_distance_to_human": 0.4486309268259341}