{"collision_count": 0, "time_to_goal": 12.0208475828, "difference_in_speed_with_near_humans": {"stdev": 0.32271507203495065, "mean": 0.03341873254375747}, "time_in_states": {}, "speed_stats": {"mean": 2.0010434123392242}, "min_distance_to_human": 0.5526883408308567}