{"collision_count": 3, "time_to_goal": 13.0032932997, "difference_in_speed_with_near_humans": {"stdev": 0.3851082648448933, "mean": 0.39132550299243063}, "time_in_states": {}, "speed_stats": {"mean": 1.8614575862884521}, "min_distance_to_human": 0.3014437758705233}