{"collision_count": 1, "time_to_goal": 9.0581993818, "difference_in_speed_with_near_humans": {"stdev": 0.7300060406923621, "mean": 0.18795140598569376}, "time_in_states": {}, "speed_stats": {"mean": 1.2769854979081587}, "min_distance_to_human": 0.4089255120886379}