{"collision_count": 2, "time_to_goal": 15.0096748829, "difference_in_speed_with_near_humans": {"stdev": 0.3469315236435989, "mean": 0.15255813321817657}, "time_in_states": {}, "speed_stats": {"mean": 1.6614096484294063}, "min_distance_to_human": 0.37422359930441806}