{"collision_count": 1, "time_to_goal": 21.0261404037, "difference_in_speed_with_near_humans": {"stdev": 0.40057339441720063, "mean": 0.06670217409795762}, "time_in_states": {}, "speed_stats": {"mean": 1.1610136666583009}, "min_distance_to_human": 0.3831150603431571}