{"collision_count": 2, "time_to_goal": 6.0192355871, "difference_in_speed_with_near_humans": {"stdev": 0.2685029618097048, "mean": 0.12171562777322854}, "time_in_states": {}, "speed_stats": {"mean": 1.9154433645899334}, "min_distance_to_human": 0.12386920629298483}