{"collision_count": 1, "time_to_goal": 12.069046402, "difference_in_speed_with_near_humans": {"stdev": 0.46549623035782567, "mean": -0.022461523364699185}, "time_in_states": {}, "speed_stats": {"mean": 1.9169809904247233}, "min_distance_to_human": 0.4332110951510961}