{"collision_count": 3, "time_to_goal": 7.0681241989, "difference_in_speed_with_near_humans": {"stdev": 0.6321736000601645, "mean": 0.5323404129277605}, "time_in_states": {}, "speed_stats": {"mean": 1.5188067250696409}, "min_distance_to_human": 0.12669324398480458}