{"collision_count": 3, "time_to_goal": 16.0864837884, "difference_in_speed_with_near_humans": {"stdev": 0.7895538500332638, "mean": -0.23732269391724797}, "time_in_states": {}, "speed_stats": {"mean": 1.7638292337237558}, "min_distance_to_human": 0.16563092937605117}