{"collision_count": 1, "time_to_goal": 6.039586997, "difference_in_speed_with_near_humans": {"stdev": 0.6667580009138345, "mean": -0.3742140295604865}, "time_in_states": {}, "speed_stats": {"mean": 1.757996711821761}, "min_distance_to_human": 0.2549078789831261}