{"collision_count": 9, "time_to_goal": 18.054262209, "difference_in_speed_with_near_humans": {"stdev": 0.7092496772722289, "mean": 0.26958475616775585}, "time_in_states": {}, "speed_stats": {"mean": 1.31592400951296}, "min_distance_to_human": 0.351257589934447}