{"collision_count": 2, "time_to_goal": 17.0467164994, "difference_in_speed_with_near_humans": {"stdev": 0.36723729302214164, "mean": 0.09169388111890973}, "time_in_states": {}, "speed_stats": {"mean": 1.7001642812351216}, "min_distance_to_human": 0.19063549547306236}