{"collision_count": 1, "time_to_goal": 9.0486818076, "difference_in_speed_with_near_humans": {"stdev": 0.6539894818622671, "mean": 0.13144917221932714}, "time_in_states": {}, "speed_stats": {"mean": 1.3338026103307332}, "min_distance_to_human": 0.4128110870038829}