{"collision_count": 1, "time_to_goal": 6.0399941921, "difference_in_speed_with_near_humans": {"stdev": 0.26728111761259965, "mean": 0.77587452566443}, "time_in_states": {}, "speed_stats": {"mean": 1.8056380363753797}, "min_distance_to_human": 0.4964762085742736}