{"collision_count": 1, "time_to_goal": 5.0683900833, "difference_in_speed_with_near_humans": {"stdev": 0.22845809928970956, "mean": 0.15433302538229082}, "time_in_states": {}, "speed_stats": {"mean": 2.0383020165705785}, "min_distance_to_human": 0.13006277418432072}