{"collision_count": 2, "time_to_goal": 14.0447937966, "difference_in_speed_with_near_humans": {"stdev": 0.39151034338672325, "mean": 0.13026879604218342}, "time_in_states": {}, "speed_stats": {"mean": 1.7034717652052385}, "min_distance_to_human": 0.14175046668589045}