{"collision_count": 5, "time_to_goal": 19.0158595085, "difference_in_speed_with_near_humans": {"stdev": 0.6455072683270114, "mean": 0.4364958235919698}, "time_in_states": {}, "speed_stats": {"mean": 1.5543608264489608}, "min_distance_to_human": 0.34541607271701924}