{"collision_count": 2, "time_to_goal": 17.0467908859, "difference_in_speed_with_near_humans": {"stdev": 0.4955322647482923, "mean": 0.10336808214240538}, "time_in_states": {}, "speed_stats": {"mean": 1.6992586161675955}, "min_distance_to_human": 0.17318958168526638}