{"collision_count": 11, "time_to_goal": 20.0343228817, "difference_in_speed_with_near_humans": {"stdev": 0.5060420761886693, "mean": -0.045915753347073755}, "time_in_states": {}, "speed_stats": {"mean": 1.466945992234875}, "min_distance_to_human": 0.3664768703905311}