{"collision_count": 3, "time_to_goal": 15.0871259927, "difference_in_speed_with_near_humans": {"stdev": 0.4304973528269761, "mean": -0.17209894194294068}, "time_in_states": {}, "speed_stats": {"mean": 1.8661891164077113}, "min_distance_to_human": 0.07547979196594078}