{"collision_count": 4, "time_to_goal": 6.0187739134, "difference_in_speed_with_near_humans": {"stdev": 0.72383523741567, "mean": 0.44281097774095945}, "time_in_states": {}, "speed_stats": {"mean": 1.8379499117533367}, "min_distance_to_human": 0.3248027326340885}