{"collision_count": 1, "time_to_goal": 12.0692015171, "difference_in_speed_with_near_humans": {"stdev": 0.20573194127463335, "mean": -0.0006903789902433819}, "time_in_states": {}, "speed_stats": {"mean": 1.945763884225237}, "min_distance_to_human": 0.3226426672155318}