{"collision_count": 2, "time_to_goal": 14.0589280129, "difference_in_speed_with_near_humans": {"stdev": 0.4943708700909957, "mean": 0.1533195051723901}, "time_in_states": {}, "speed_stats": {"mean": 1.6762132709639646}, "min_distance_to_human": 0.23345403568514367}