{"collision_count": 1, "time_to_goal": 6.0277184963, "difference_in_speed_with_near_humans": {"stdev": 0.5504162353811901, "mean": -0.43005952380952384}, "time_in_states": {}, "speed_stats": {"mean": 1.8137351778656126}, "min_distance_to_human": 0.2677575312936186}