{"collision_count": 3, "time_to_goal": 8.0894924879, "difference_in_speed_with_near_humans": {"stdev": 0.9933627878150832, "mean": -0.03469886009587619}, "time_in_states": {}, "speed_stats": {"mean": 1.3026912978241563}, "min_distance_to_human": 0.08349130380971327}