{"collision_count": 1, "time_to_goal": 15.028340292, "difference_in_speed_with_near_humans": {"stdev": 0.8092512384560336, "mean": -0.9484169753263116}, "time_in_states": {}, "speed_stats": {"mean": 1.9391150245449054}, "min_distance_to_human": 0.4207310588979886}