{"collision_count": 1, "time_to_goal": 15.0439840078, "difference_in_speed_with_near_humans": {"stdev": 0.3190530258175729, "mean": -0.04327366537309431}, "time_in_states": {}, "speed_stats": {"mean": 1.929118794260301}, "min_distance_to_human": 0.16909146267600483}