{"collision_count": 4, "time_to_goal": 20.0857645035, "difference_in_speed_with_near_humans": {"stdev": 0.8384264935273009, "mean": 0.4305609708409563}, "time_in_states": {}, "speed_stats": {"mean": 1.444263455193481}, "min_distance_to_human": 0.3526120424705557}