{"collision_count": 2, "time_to_goal": 14.0595928908, "difference_in_speed_with_near_humans": {"stdev": 0.749280621202088, "mean": -0.31995018595695446}, "time_in_states": {}, "speed_stats": {"mean": 1.665088133064608}, "min_distance_to_human": 0.2727902447760586}