{"collision_count": 2, "time_to_goal": 17.0435728073, "difference_in_speed_with_near_humans": {"stdev": 0.48109209204151215, "mean": 0.1578263953862203}, "time_in_states": {}, "speed_stats": {"mean": 1.7066110352107458}, "min_distance_to_human": 0.4003382059164045}