{"collision_count": 1, "time_to_goal": 23.089141798, "difference_in_speed_with_near_humans": {"stdev": 0.41768966947910585, "mean": 0.1543969418564293}, "time_in_states": {}, "speed_stats": {"mean": 1.2455929438273112}, "min_distance_to_human": 0.1296519100599787}