{"collision_count": 0, "time_to_goal": 6.0120688915, "difference_in_speed_with_near_humans": {"stdev": 0.3315284167240722, "mean": -0.0696760573202976}, "time_in_states": {}, "speed_stats": {"mean": 1.8940910993799989}, "min_distance_to_human": 0.5791099729139129}