{"collision_count": 6, "time_to_goal": 21.0361050129, "difference_in_speed_with_near_humans": {"stdev": 0.830229540198583, "mean": 0.2654273015040562}, "time_in_states": {}, "speed_stats": {"mean": 1.3909554728816995}, "min_distance_to_human": 0.3531395326632055}