{"collision_count": 2, "time_to_goal": 6.0086138964, "difference_in_speed_with_near_humans": {"stdev": 0.44731842480328804, "mean": 0.3877370721034583}, "time_in_states": {}, "speed_stats": {"mean": 1.9268391083697884}, "min_distance_to_human": 0.28675814951308837}