{"collision_count": 1, "time_to_goal": 6.0654618978, "difference_in_speed_with_near_humans": {"stdev": 0.14658386830620182, "mean": 0.39295363157265367}, "time_in_states": {}, "speed_stats": {"mean": 1.737387976094858}, "min_distance_to_human": 0.48831633320514733}