{"collision_count": 2, "time_to_goal": 15.0867635965, "difference_in_speed_with_near_humans": {"stdev": 0.732973381549517, "mean": 0.729005071507393}, "time_in_states": {}, "speed_stats": {"mean": 1.5541557185702188}, "min_distance_to_human": 0.39571792691978724}