{"collision_count": 2, "time_to_goal": 21.0469563961, "difference_in_speed_with_near_humans": {"stdev": 0.3587425095409382, "mean": 0.0987294517019681}, "time_in_states": {}, "speed_stats": {"mean": 1.1570298909312189}, "min_distance_to_human": 0.3893682548673566}