{"collision_count": 2, "time_to_goal": 14.0751355886, "difference_in_speed_with_near_humans": {"stdev": 0.4114288977266916, "mean": 0.4189724865046649}, "time_in_states": {}, "speed_stats": {"mean": 2.0081293871908477}, "min_distance_to_human": 0.3741005973684922}