{"collision_count": 9, "time_to_goal": 15.0673405885, "difference_in_speed_with_near_humans": {"stdev": 0.46186567055582484, "mean": -0.1170254274701711}, "time_in_states": {}, "speed_stats": {"mean": 1.8928470498219534}, "min_distance_to_human": 0.04380203428070459}