{"collision_count": 4, "time_to_goal": 11.0177721024, "difference_in_speed_with_near_humans": {"stdev": 0.367203365407683, "mean": 0.9451325388105918}, "time_in_states": {}, "speed_stats": {"mean": 2.4426998959647284}, "min_distance_to_human": 0.30231385903721103}