{"collision_count": 1, "time_to_goal": 10.0341107846, "difference_in_speed_with_near_humans": {"stdev": 0.3075311779619257, "mean": 0.1992140851945476}, "time_in_states": {}, "speed_stats": {"mean": 2.0813902616500854}, "min_distance_to_human": 0.3519895854030224}