{"collision_count": 5, "time_to_goal": 12.0853550196, "difference_in_speed_with_near_humans": {"stdev": 0.4283428998040672, "mean": 0.21096639436096729}, "time_in_states": {}, "speed_stats": {"mean": 2.119397431266814}, "min_distance_to_human": 0.2152587201485478}