{"collision_count": 4, "time_to_goal": 9.0046862841, "difference_in_speed_with_near_humans": {"stdev": 0.05104020025657899, "mean": 0.42289618892589337}, "time_in_states": {}, "speed_stats": {"mean": 2.395038160470014}, "min_distance_to_human": 0.22705502672738268}