{"collision_count": 12, "time_to_goal": 15.0452898026, "difference_in_speed_with_near_humans": {"stdev": 0.2814645454955291, "mean": 0.9128901732104333}, "time_in_states": {}, "speed_stats": {"mean": 1.765050478686857}, "min_distance_to_human": 0.3051915005941884}