{"collision_count": 2, "time_to_goal": 14.0166083812, "difference_in_speed_with_near_humans": {"stdev": 0.21426156855496292, "mean": 0.4034293656946782}, "time_in_states": {}, "speed_stats": {"mean": 1.543327690216533}, "min_distance_to_human": 0.3467128051196726}