{"collision_count": 2, "time_to_goal": 14.0826807976, "difference_in_speed_with_near_humans": {"stdev": 0.5744777137352165, "mean": 0.9099001070575747}, "time_in_states": {}, "speed_stats": {"mean": 1.4740405756886266}, "min_distance_to_human": 0.3032087001155361}