{"collision_count": 9, "time_to_goal": 13.0980255127, "difference_in_speed_with_near_humans": {"stdev": 0.28297603626894663, "mean": 0.5577361945162557}, "time_in_states": {}, "speed_stats": {"mean": 1.9500226851240623}, "min_distance_to_human": 0.42491988848540246}