{"collision_count": 8, "time_to_goal": 12.0125900984, "difference_in_speed_with_near_humans": {"stdev": 0.6622721991770145, "mean": 0.7929816844439259}, "time_in_states": {}, "speed_stats": {"mean": 1.799785012470894}, "min_distance_to_human": 0.054721388785119784}