{"collision_count": 0, "time_to_goal": 23.0002342939, "difference_in_speed_with_near_humans": {"stdev": 0.09458324126994701, "mean": 0.3874874420894009}, "time_in_states": {}, "speed_stats": {"mean": 1.1922356072381413}, "min_distance_to_human": 0.638254505662037}