{"collision_count": 11, "time_to_goal": 50.0010666132, "difference_in_speed_with_near_humans": {"stdev": 1.0159730875285724, "mean": -0.745992236271185}, "time_in_states": {}, "speed_stats": {"mean": 0.4985957148072722}, "min_distance_to_human": 0.016137954317851633}