{"collision_count": 0, "time_to_goal": 26.0476330041, "difference_in_speed_with_near_humans": {"stdev": 0.22334259121118835, "mean": 0.3772099594163081}, "time_in_states": {}, "speed_stats": {"mean": 0.8254699790017962}, "min_distance_to_human": 0.5820557807103107}