{"collision_count": 1, "time_to_goal": 13.0887744903, "difference_in_speed_with_near_humans": {"stdev": 0.29383004770503546, "mean": 0.8482142856972432}, "time_in_states": {}, "speed_stats": {"mean": 1.9638689407540395}, "min_distance_to_human": 0.3068083999196235}