{"collision_count": 5, "time_to_goal": 12.0874017, "difference_in_speed_with_near_humans": {"stdev": 0.36145134090703396, "mean": 0.15760229532042988}, "time_in_states": {}, "speed_stats": {"mean": 2.1191502588596123}, "min_distance_to_human": 0.32374824461963275}