{"collision_count": 3, "time_to_goal": 14.0892852068, "difference_in_speed_with_near_humans": {"stdev": 0.31001355508400147, "mean": 0.1057443582165254}, "time_in_states": {}, "speed_stats": {"mean": 1.8375367751488318}, "min_distance_to_human": 0.17179483783698218}