{"collision_count": 10, "time_to_goal": 12.0980767966, "difference_in_speed_with_near_humans": {"stdev": 0.6845933863134693, "mean": 0.23564197740665901}, "time_in_states": {}, "speed_stats": {"mean": 1.7076473160570818}, "min_distance_to_human": 0.34181893501554345}