{"collision_count": 6, "time_to_goal": 13.0159789086, "difference_in_speed_with_near_humans": {"stdev": 0.2730066899087704, "mean": 1.128880635523352}, "time_in_states": {}, "speed_stats": {"mean": 2.073477895761078}, "min_distance_to_human": 0.2969820248940856}