{"collision_count": 3, "time_to_goal": 16.0884912968, "difference_in_speed_with_near_humans": {"stdev": 0.21429081589444363, "mean": 0.4165118992515561}, "time_in_states": {}, "speed_stats": {"mean": 1.6153349179108702}, "min_distance_to_human": 0.28165847305632635}