{"collision_count": 0, "time_to_goal": 9.0981492043, "difference_in_speed_with_near_humans": {"stdev": 0.41765538083240716, "mean": 0.2371243880761476}, "time_in_states": {}, "speed_stats": {"mean": 2.1862308519396616}, "min_distance_to_human": 0.5114044084810918}