{"collision_count": 1, "time_to_goal": 13.0380094051, "difference_in_speed_with_near_humans": {"stdev": 0.8170757852187128, "mean": -0.11959194950766926}, "time_in_states": {}, "speed_stats": {"mean": 1.674258504634354}, "min_distance_to_human": 0.47340903568454695}