{"collision_count": 3, "time_to_goal": 11.0533679008, "difference_in_speed_with_near_humans": {"stdev": 0.3387681771474727, "mean": 0.35976116620228993}, "time_in_states": {}, "speed_stats": {"mean": 1.8795009468649995}, "min_distance_to_human": 0.31997761515941353}