{"collision_count": 9, "time_to_goal": 13.0408756971, "difference_in_speed_with_near_humans": {"stdev": 0.37668995740870626, "mean": 0.14458566366047587}, "time_in_states": {}, "speed_stats": {"mean": 2.0373094943819434}, "min_distance_to_human": 0.23769285774340262}