{"collision_count": 5, "time_to_goal": 15.0955538989, "difference_in_speed_with_near_humans": {"stdev": 0.4385277821638273, "mean": 1.2752336181217203}, "time_in_states": {}, "speed_stats": {"mean": 1.7148522786796092}, "min_distance_to_human": 0.2606952122777809}