{"collision_count": 3, "time_to_goal": 10.0737618923, "difference_in_speed_with_near_humans": {"stdev": 0.5914970011920557, "mean": 1.0931498603028675}, "time_in_states": {}, "speed_stats": {"mean": 2.0218651937449583}, "min_distance_to_human": 0.27854350311334086}