{"collision_count": 10, "time_to_goal": 13.0274801016, "difference_in_speed_with_near_humans": {"stdev": 0.5038168014107255, "mean": 1.091245271648129}, "time_in_states": {}, "speed_stats": {"mean": 2.0588338396378925}, "min_distance_to_human": 0.2677930410824639}