{"collision_count": 1, "time_to_goal": 21.0458474159, "difference_in_speed_with_near_humans": {"stdev": 0.5347717459595207, "mean": 0.16854966549979739}, "time_in_states": {}, "speed_stats": {"mean": 1.0259211907148085}, "min_distance_to_human": 0.08839635973961951}