{"collision_count": 1, "time_to_goal": 11.0165233135, "difference_in_speed_with_near_humans": {"stdev": 0.2306931019056052, "mean": 0.8796296296131331}, "time_in_states": {}, "speed_stats": {"mean": 1.9525}, "min_distance_to_human": 0.32273944072645966}