{"collision_count": 2, "time_to_goal": 10.0180505038, "difference_in_speed_with_near_humans": {"stdev": 0.22281869950287517, "mean": 0.5478874219472992}, "time_in_states": {}, "speed_stats": {"mean": 2.122716045612811}, "min_distance_to_human": 0.3021234269163355}