{"collision_count": 0, "time_to_goal": 29.0169621945, "difference_in_speed_with_near_humans": {"stdev": 0.20759690890998078, "mean": 0.37790208615578214}, "time_in_states": {}, "speed_stats": {"mean": 0.9361493479307383}, "min_distance_to_human": 0.5909499247442478}