{"collision_count": 5, "time_to_goal": 12.0177976131, "difference_in_speed_with_near_humans": {"stdev": 0.36489690571599853, "mean": 1.0479856432018795}, "time_in_states": {}, "speed_stats": {"mean": 1.7969245449896971}, "min_distance_to_human": 0.31079727273869334}