{"collision_count": 1, "time_to_goal": 50.0016221047, "difference_in_speed_with_near_humans": {"stdev": 0.22433230357052653, "mean": -1.4555417723458257}, "time_in_states": {}, "speed_stats": {"mean": 0.47196754811706393}, "min_distance_to_human": 0.40061658180024773}