{"collision_count": 13, "time_to_goal": 50.0014041901, "difference_in_speed_with_near_humans": {"stdev": 0.6328463908847024, "mean": -1.7688200126667493}, "time_in_states": {}, "speed_stats": {"mean": 0.4688191708627638}, "min_distance_to_human": 0.059088829790730005}