{"collision_count": 1, "time_to_goal": 13.0738461018, "difference_in_speed_with_near_humans": {"stdev": 0.7261052797814628, "mean": -0.35675041939553864}, "time_in_states": {}, "speed_stats": {"mean": 1.758691664609042}, "min_distance_to_human": 0.4634744606937085}