{"collision_count": 7, "time_to_goal": 50.0013184071, "difference_in_speed_with_near_humans": {"stdev": 0.536079294239547, "mean": -1.2995744671783627}, "time_in_states": {}, "speed_stats": {"mean": 0.462536229782257}, "min_distance_to_human": 0.2803671110361075}