{"collision_count": 2, "time_to_goal": 15.0143208981, "difference_in_speed_with_near_humans": {"stdev": 0.5400148178700872, "mean": -0.5896194549185839}, "time_in_states": {}, "speed_stats": {"mean": 0.750346859680188}, "min_distance_to_human": 0.23085149015811052}