{"collision_count": 0, "time_to_goal": 17.0129310131, "difference_in_speed_with_near_humans": {"stdev": 0.5503649623264515, "mean": -0.13683439623862229}, "time_in_states": {}, "speed_stats": {"mean": 1.4258540136498308}, "min_distance_to_human": 0.5919488867323416}