{"collision_count": 1, "time_to_goal": 6.0741762161, "difference_in_speed_with_near_humans": {"stdev": 0.7103582955746259, "mean": -0.8734899243792972}, "time_in_states": {}, "speed_stats": {"mean": 1.5982968588085735}, "min_distance_to_human": 0.26265300138611297}