{"collision_count": 11, "time_to_goal": 50.0019290924, "difference_in_speed_with_near_humans": {"stdev": 0.5452325855866905, "mean": -1.2617375841503051}, "time_in_states": {}, "speed_stats": {"mean": 0.4740194467132439}, "min_distance_to_human": 0.01039852298677351}