{"collision_count": 1, "time_to_goal": 6.0319737911, "difference_in_speed_with_near_humans": {"stdev": 0.8287468708302812, "mean": -0.7594339633705692}, "time_in_states": {}, "speed_stats": {"mean": 1.6678149606299213}, "min_distance_to_human": 0.2572840230241189}