{"collision_count": 3, "time_to_goal": 26.0155814886, "difference_in_speed_with_near_humans": {"stdev": 0.5839961161461934, "mean": -0.17533991857822614}, "time_in_states": {}, "speed_stats": {"mean": 0.892363618896121}, "min_distance_to_human": 0.04644802917550536}