{"collision_count": 3, "time_to_goal": 13.0627751112, "difference_in_speed_with_near_humans": {"stdev": 0.5263999804586541, "mean": -0.3509494777245185}, "time_in_states": {}, "speed_stats": {"mean": 1.7423194441603216}, "min_distance_to_human": 0.03843568358785567}