{"collision_count": 10, "time_to_goal": 50.0003544093, "difference_in_speed_with_near_humans": {"stdev": 0.493165777818767, "mean": -0.5743278195586632}, "time_in_states": {}, "speed_stats": {"mean": 0.47083458824195845}, "min_distance_to_human": 0.04838816746731277}