{"collision_count": 0, "time_to_goal": 15.070826602, "difference_in_speed_with_near_humans": {"stdev": 0.5400923385790984, "mean": -0.19644035585038097}, "time_in_states": {}, "speed_stats": {"mean": 1.8435497961347065}, "min_distance_to_human": 0.6764160526567456}