{"collision_count": 0, "time_to_goal": 8.0304743767, "difference_in_speed_with_near_humans": {"stdev": 0.8102335745429635, "mean": -0.23854078012269284}, "time_in_states": {}, "speed_stats": {"mean": 1.3851223668055748}, "min_distance_to_human": 0.6116114155556744}