{"collision_count": 1, "time_to_goal": 21.0777092934, "difference_in_speed_with_near_humans": {"stdev": 0.5874033737476396, "mean": -0.008298347047458049}, "time_in_states": {}, "speed_stats": {"mean": 1.085526862008231}, "min_distance_to_human": 0.3720059286490319}