{"collision_count": 4, "time_to_goal": 50.0016762972, "difference_in_speed_with_near_humans": {"stdev": 0.4892310234572047, "mean": -0.7768323967555958}, "time_in_states": {}, "speed_stats": {"mean": 0.467223389827824}, "min_distance_to_human": 0.31377008177124777}