{"collision_count": 18, "time_to_goal": 50.0018334151, "difference_in_speed_with_near_humans": {"stdev": 0.6506480793060959, "mean": -1.117813445325151}, "time_in_states": {}, "speed_stats": {"mean": 0.47824952125311376}, "min_distance_to_human": 0.020233362147901997}