{"collision_count": 11, "time_to_goal": 50.0008239984, "difference_in_speed_with_near_humans": {"stdev": 0.5447029316171151, "mean": -1.2537648220856865}, "time_in_states": {}, "speed_stats": {"mean": 0.4780619266507152}, "min_distance_to_human": 0.02054892837953567}