{"collision_count": 0, "time_to_goal": 11.0395776033, "difference_in_speed_with_near_humans": {"stdev": 0.1625000223967679, "mean": -0.11249999624473872}, "time_in_states": {}, "speed_stats": {"mean": 1.9958971553610503}, "min_distance_to_human": 1.8909171602385475}