{"collision_count": 1, "time_to_goal": 6.0678220034, "difference_in_speed_with_near_humans": {"stdev": 0.7664531214098548, "mean": -0.3926792613500473}, "time_in_states": {}, "speed_stats": {"mean": 1.6915719412349688}, "min_distance_to_human": 0.369496504737284}