{"collision_count": 1, "time_to_goal": 12.0903734208, "difference_in_speed_with_near_humans": {"stdev": 0.5220957960917146, "mean": -0.16537193537194014}, "time_in_states": {}, "speed_stats": {"mean": 1.8483623695927998}, "min_distance_to_human": 0.10830208680034828}