{"collision_count": 1, "time_to_goal": 9.0691977024, "difference_in_speed_with_near_humans": {"stdev": 0.7322069218212213, "mean": -0.42892415255308153}, "time_in_states": {}, "speed_stats": {"mean": 1.1239912204233724}, "min_distance_to_human": 0.2803276329268453}