{"collision_count": 2, "time_to_goal": 7.0846203089, "difference_in_speed_with_near_humans": {"stdev": 0.5049475470476542, "mean": 0.06245346097709773}, "time_in_states": {}, "speed_stats": {"mean": 1.4961852665188946}, "min_distance_to_human": 0.3552203068114712}