{"collision_count": 5, "time_to_goal": 7.0950210095, "difference_in_speed_with_near_humans": {"stdev": 0.865996433507501, "mean": -0.6185062081761908}, "time_in_states": {}, "speed_stats": {"mean": 1.4960713714781086}, "min_distance_to_human": 0.033636123653427226}