{"collision_count": 6, "time_to_goal": 50.000887084, "difference_in_speed_with_near_humans": {"stdev": 0.4384694735273999, "mean": -0.7301817700787221}, "time_in_states": {}, "speed_stats": {"mean": 0.46902745037140725}, "min_distance_to_human": 0.01152613102627914}