{"collision_count": 1, "time_to_goal": 50.000951004, "difference_in_speed_with_near_humans": {"stdev": 0.3813625377338744, "mean": -1.8809529946490893}, "time_in_states": {}, "speed_stats": {"mean": 0.47401548402530924}, "min_distance_to_human": 0.41774530222629164}