{"collision_count": 7, "time_to_goal": 50.0022665978, "difference_in_speed_with_near_humans": {"stdev": 0.47589633833647826, "mean": -0.6447463874106363}, "time_in_states": {}, "speed_stats": {"mean": 0.47411489040106086}, "min_distance_to_human": 0.011190874798324674}