{"collision_count": 3, "time_to_goal": 18.0094635964, "difference_in_speed_with_near_humans": {"stdev": 0.450748475143852, "mean": -0.12578007365305396}, "time_in_states": {}, "speed_stats": {"mean": 1.3611442863991654}, "min_distance_to_human": 0.036685952230910424}