{"collision_count": 2, "time_to_goal": 10.04778471, "difference_in_speed_with_near_humans": {"stdev": 0.7690255741928657, "mean": -0.7629841228302259}, "time_in_states": {}, "speed_stats": {"mean": 1.076846797961389}, "min_distance_to_human": 0.1721316901579527}