{"collision_count": 2, "time_to_goal": 10.0793853044, "difference_in_speed_with_near_humans": {"stdev": 0.5537856656264429, "mean": 0.11010835290371268}, "time_in_states": {}, "speed_stats": {"mean": 1.0691200993077585}, "min_distance_to_human": 0.045706106993222806}