{"collision_count": 3, "time_to_goal": 26.0849632025, "difference_in_speed_with_near_humans": {"stdev": 0.3915456606343659, "mean": -0.06035626090680017}, "time_in_states": {}, "speed_stats": {"mean": 0.9218841997181241}, "min_distance_to_human": 0.04243808728985561}