{"collision_count": 0, "time_to_goal": 50.0009690047, "difference_in_speed_with_near_humans": {"stdev": 2.4748270737868695e-08, "mean": -1.0000000011656447}, "time_in_states": {}, "speed_stats": {"mean": 0.45086163836163834}, "min_distance_to_human": 0.5078102342805499}