{"collision_count": 2, "time_to_goal": 8.0972162008, "difference_in_speed_with_near_humans": {"stdev": 0.9191569426632086, "mean": -0.838604700442592}, "time_in_states": {}, "speed_stats": {"mean": 1.3365190003026575}, "min_distance_to_human": 0.09132833137719258}