{"collision_count": 1, "time_to_goal": 14.0581276894, "difference_in_speed_with_near_humans": {"stdev": 0.6560159925709621, "mean": -0.2030737471517481}, "time_in_states": {}, "speed_stats": {"mean": 1.6358013645018616}, "min_distance_to_human": 0.27260497069375944}