{"collision_count": 10, "time_to_goal": 50.0002735138, "difference_in_speed_with_near_humans": {"stdev": 0.679165020158687, "mean": -1.6933910639394416}, "time_in_states": {}, "speed_stats": {"mean": 0.4688101217143249}, "min_distance_to_human": 0.1610717861974901}