{"collision_count": 2, "time_to_goal": 14.0024836063, "difference_in_speed_with_near_humans": {"stdev": 0.6346307768255365, "mean": -0.2776427269022567}, "time_in_states": {}, "speed_stats": {"mean": 1.7083491080389703}, "min_distance_to_human": 0.018716106583232226}