{"collision_count": 3, "time_to_goal": 18.0347828865, "difference_in_speed_with_near_humans": {"stdev": 0.6804312099469734, "mean": -0.4005532486857645}, "time_in_states": {}, "speed_stats": {"mean": 1.3456148307067892}, "min_distance_to_human": 0.2124149349008283}