{"collision_count": 0, "time_to_goal": 25.0065114022, "difference_in_speed_with_near_humans": {"stdev": 0.38873948349550097, "mean": -0.022922503790607222}, "time_in_states": {}, "speed_stats": {"mean": 0.9695156730822663}, "min_distance_to_human": 0.5329684416410323}