{"collision_count": 2, "time_to_goal": 17.093611908, "difference_in_speed_with_near_humans": {"stdev": 0.7760504520299644, "mean": -0.45984295473742853}, "time_in_states": {}, "speed_stats": {"mean": 1.621528900879978}, "min_distance_to_human": 0.022715195461735872}