{"collision_count": 0, "time_to_goal": 11.0727921009, "difference_in_speed_with_near_humans": {"stdev": 0.7615881188183246, "mean": 0.02089600904185473}, "time_in_states": {}, "speed_stats": {"mean": 0.9820808567899338}, "min_distance_to_human": 0.6782687844763842}