{"collision_count": 0, "time_to_goal": 13.0626925946, "difference_in_speed_with_near_humans": {"stdev": 0.12830490461395644, "mean": 0.035440632121023066}, "time_in_states": {}, "speed_stats": {"mean": 1.5285713585305127}, "min_distance_to_human": 0.660129214693025}