{"collision_count": 4, "time_to_goal": 12.037708807, "difference_in_speed_with_near_humans": {"stdev": 0.6097822986784963, "mean": -0.3839221594841037}, "time_in_states": {}, "speed_stats": {"mean": 1.7208179781235844}, "min_distance_to_human": 0.35359881409221655}