{"collision_count": 0, "time_to_goal": 13.0428162813, "difference_in_speed_with_near_humans": {"stdev": 0.07198616010836546, "mean": -0.01663589450964229}, "time_in_states": {}, "speed_stats": {"mean": 1.9863866368560932}, "min_distance_to_human": 0.5857366000176624}