{"collision_count": 0, "time_to_goal": 18.0984298945, "difference_in_speed_with_near_humans": {"stdev": 0.2333291732209233, "mean": 0.06822359780252428}, "time_in_states": {}, "speed_stats": {"mean": 1.1313319228951784}, "min_distance_to_human": 0.9782243121211509}