{"collision_count": 3, "time_to_goal": 14.0890326977, "difference_in_speed_with_near_humans": {"stdev": 0.6285350883230807, "mean": -0.36580661289143557}, "time_in_states": {}, "speed_stats": {"mean": 1.7741870656109495}, "min_distance_to_human": 0.3616824676443028}