{"collision_count": 0, "time_to_goal": 12.0902000904, "difference_in_speed_with_near_humans": {"stdev": 0.1377111543859954, "mean": 0.04684464400553656}, "time_in_states": {}, "speed_stats": {"mean": 1.625290176583073}, "min_distance_to_human": 0.8969184589316987}