{"collision_count": 1, "time_to_goal": 12.0785037994, "difference_in_speed_with_near_humans": {"stdev": 0.6158565259164025, "mean": -0.49441098050119847}, "time_in_states": {}, "speed_stats": {"mean": 1.6622309592163678}, "min_distance_to_human": 0.47547678185138037}