{"collision_count": 12, "time_to_goal": 50.001286602, "difference_in_speed_with_near_humans": {"stdev": 0.6847716835865784, "mean": -1.0783337274094191}, "time_in_states": {}, "speed_stats": {"mean": 0.4449260264024444}, "min_distance_to_human": 0.03372195361694902}