{"collision_count": 0, "time_to_goal": 10.0779472113, "difference_in_speed_with_near_humans": {"stdev": 0.04490835458109567, "mean": -0.017239573271797384}, "time_in_states": {}, "speed_stats": {"mean": 1.9601734216185822}, "min_distance_to_human": 0.5717530283172841}