{"collision_count": 0, "time_to_goal": 12.094896698, "difference_in_speed_with_near_humans": {"stdev": 0.13956560237192236, "mean": 0.0460406150581031}, "time_in_states": {}, "speed_stats": {"mean": 1.627428633008946}, "min_distance_to_human": 0.7655346977075596}