{"collision_count": 1, "time_to_goal": 28.0275610924, "difference_in_speed_with_near_humans": {"stdev": 0.12323795321538134, "mean": -1.4773284313790354}, "time_in_states": {}, "speed_stats": {"mean": 0.72637863943396}, "min_distance_to_human": 0.3764181764120402}