{"collision_count": 21, "time_to_goal": 50.0004854917, "difference_in_speed_with_near_humans": {"stdev": 0.7781137078696958, "mean": -1.5467728789711677}, "time_in_states": {}, "speed_stats": {"mean": 0.4470433282423662}, "min_distance_to_human": 0.39685936239636405}