{"collision_count": 10, "time_to_goal": 50.0002104997, "difference_in_speed_with_near_humans": {"stdev": 0.6872047254424805, "mean": -1.0682494611265863}, "time_in_states": {}, "speed_stats": {"mean": 0.45071941016021516}, "min_distance_to_human": 0.045321406673505794}