{"collision_count": 5, "time_to_goal": 50.0007258892, "difference_in_speed_with_near_humans": {"stdev": 0.47030299250981117, "mean": -0.7425951190202924}, "time_in_states": {}, "speed_stats": {"mean": 0.45467133925749464}, "min_distance_to_human": 0.03764203746332167}