{"collision_count": 3, "time_to_goal": 12.0318982125, "difference_in_speed_with_near_humans": {"stdev": 0.7057685583993919, "mean": -0.5547020464991825}, "time_in_states": {}, "speed_stats": {"mean": 1.7267070766878418}, "min_distance_to_human": 0.2649255894275777}