{"collision_count": 9, "time_to_goal": 50.0014868975, "difference_in_speed_with_near_humans": {"stdev": 0.4863590818628619, "mean": -0.6183581491479985}, "time_in_states": {}, "speed_stats": {"mean": 0.4369496060405187}, "min_distance_to_human": 0.00393852044234376}