{"collision_count": 18, "time_to_goal": 50.0012507915, "difference_in_speed_with_near_humans": {"stdev": 0.6957065399660675, "mean": -1.0212348742496755}, "time_in_states": {}, "speed_stats": {"mean": 0.44225647426888853}, "min_distance_to_human": 0.02121773103545349}