{"collision_count": 3, "time_to_goal": 13.0554068088, "difference_in_speed_with_near_humans": {"stdev": 0.7146033669509796, "mean": -0.21358253594903473}, "time_in_states": {}, "speed_stats": {"mean": 1.5467753359752388}, "min_distance_to_human": 0.32396166163121676}