{"collision_count": 1, "time_to_goal": 21.0533324003, "difference_in_speed_with_near_humans": {"stdev": 0.1937284273345186, "mean": -1.9547697368506818}, "time_in_states": {}, "speed_stats": {"mean": 0.9702092407755769}, "min_distance_to_human": 0.3730380067934941}