{"collision_count": 6, "time_to_goal": 50.0018596887, "difference_in_speed_with_near_humans": {"stdev": 0.5072684144990136, "mean": -0.5202243019827694}, "time_in_states": {}, "speed_stats": {"mean": 0.45337655978309843}, "min_distance_to_human": 0.043856339788978994}