{"collision_count": 1, "time_to_goal": 41.0831658125, "difference_in_speed_with_near_humans": {"stdev": 0.680303138461919, "mean": -0.593393991510006}, "time_in_states": {}, "speed_stats": {"mean": 0.4944289497373212}, "min_distance_to_human": 0.25442792968153094}