{"collision_count": 1, "time_to_goal": 20.0338875055, "difference_in_speed_with_near_humans": {"stdev": 0.31572499245947316, "mean": 0.05234428985817428}, "time_in_states": {}, "speed_stats": {"mean": 1.0493505678625188}, "min_distance_to_human": 0.47003382836714797}