{"collision_count": 3, "time_to_goal": 15.0003357887, "difference_in_speed_with_near_humans": {"stdev": 0.6818252273369932, "mean": -0.5029063123259181}, "time_in_states": {}, "speed_stats": {"mean": 1.7666435516949903}, "min_distance_to_human": 0.27745862384334086}