{"collision_count": 0, "time_to_goal": 19.0345307112, "difference_in_speed_with_near_humans": {"stdev": 0.2812671567654666, "mean": 0.0815846736304709}, "time_in_states": {}, "speed_stats": {"mean": 1.1084356601398015}, "min_distance_to_human": 0.8344605345730434}