{"collision_count": 1, "time_to_goal": 24.0306954146, "difference_in_speed_with_near_humans": {"stdev": 0.8033249156523584, "mean": -1.5327132579842393}, "time_in_states": {}, "speed_stats": {"mean": 1.0846538455488748}, "min_distance_to_human": 0.3423243771659811}