{"collision_count": 1, "time_to_goal": 50.0007816076, "difference_in_speed_with_near_humans": {"stdev": 0.48338245546065595, "mean": -0.6548681770425279}, "time_in_states": {}, "speed_stats": {"mean": 0.4362345327755172}, "min_distance_to_human": 0.27320536481465696}