{"collision_count": 2, "time_to_goal": 14.0874475956, "difference_in_speed_with_near_humans": {"stdev": 0.5339322439126444, "mean": 0.34714508717825004}, "time_in_states": {}, "speed_stats": {"mean": 1.4308183135492774}, "min_distance_to_human": 0.47814780299204046}