{"collision_count": 5, "time_to_goal": 50.0018294096, "difference_in_speed_with_near_humans": {"stdev": 0.5096270659492882, "mean": -0.7478122896822338}, "time_in_states": {}, "speed_stats": {"mean": 0.4411311134413168}, "min_distance_to_human": 0.006923468641862705}