{"collision_count": 1, "time_to_goal": 50.0005852938, "difference_in_speed_with_near_humans": {"stdev": 0.2449134695224646, "mean": -1.440712012996953}, "time_in_states": {}, "speed_stats": {"mean": 0.44048502369079284}, "min_distance_to_human": 0.31820823388064823}