{"collision_count": 3, "time_to_goal": 16.0362682104, "difference_in_speed_with_near_humans": {"stdev": 0.6099075988837367, "mean": -0.16168814779309973}, "time_in_states": {}, "speed_stats": {"mean": 1.623840545606977}, "min_distance_to_human": 0.326821299117993}